Data,Otwarcie,Najwyzszy,Najnizszy,Zamkniecie,Wolumen
2020-01-02,28.3,28.713,28.114,28.684,143375790
2020-01-03,29.3667,30.2667,29.128,29.534,266920455
2020-01-06,29.3647,30.104,29.3333,30.1027,152362485
2020-01-07,30.76,31.442,30.2237,31.2707,273137070
2020-01-08,31.58,33.2333,31.2153,32.8093,467990895
2020-01-09,33.14,33.2533,31.5247,32.0893,426947790
2020-01-10,32.1193,32.3293,31.58,31.8767,194652480
2020-01-13,32.9,35.0433,32.8,34.99,399518205
2020-01-14,36.2833,36.4933,34.9933,35.86,435920655
2020-01-15,35.3167,35.8567,34.4533,34.5667,260532465
2020-01-16,32.9167,34.2967,32.8113,34.2333,326049795
2020-01-17,33.84,34.3767,33.5433,34.0333,204436095
2020-01-21,35.35,36.5733,35.2267,36.48,267052065
2020-01-22,38.1267,39.6333,37.2733,37.97,470535420
2020-01-23,37.6167,38.8,37.04,38.1467,294765630
2020-01-24,38.0433,38.2567,36.95,37.6533,215304000
2020-01-27,36.1333,37.63,35.9533,37.2,204121020
2020-01-28,37.9,38.4533,37.2067,37.7933,176827395
2020-01-29,38.38,39.32,37.83,38.7333,273250080
2020-01-30,42.16,43.3933,41.2,42.72,435085140
2020-01-31,42.6667,43.5333,42.1667,43.37,235788990
2020-02-03,44.9133,52.41,44.9,52,708502425
2020-02-04,58.8633,64.6,55.5933,59.1367,914081370
2020-02-05,54.8833,56.4,46.94,48.98,726357555
2020-02-06,46.66,53.0567,45.8,49.93,598211280
2020-02-07,48.7033,51.3167,48.6667,49.87,255952815
2020-02-10,53.3333,54.6667,50.16,51.42,370337445
2020-02-11,51.2533,52.2333,50.5333,51.6267,175462095
2020-02-12,51.8567,52.65,50.89,51.1533,180337050
2020-02-13,49.4567,54.5333,49,53.6,394340220
2020-02-14,52.48,54.1967,52.3667,53.3367,235405665
2020-02-18,56.1067,57.3333,55.49,57.2267,250475535
2020-02-19,61.5667,62.9867,60.0667,61.16,381344370
2020-02-20,60.7967,60.8,57.33,59.96,264523395
2020-02-21,60.4667,60.87,58.6967,60.0667,215091690
2020-02-24,55.9333,57.5667,54.8133,55.5867,227882445
2020-02-25,56.6,57.1067,52.4667,53.3267,259357215
2020-02-26,52.1667,54.22,51.74,51.92,212307645
2020-02-27,48.6667,49.3167,44.6,45.2667,364157400
2020-02-28,41.98,46.0333,40.7667,44.5333,368462565
2020-03-02,47.4167,49.58,45.7767,49.5733,302924865
2020-03-03,53.6667,53.8,47.74,49.7,386760045
2020-03-04,50.93,51.1,48.3167,49.9667,225734655
2020-03-05,48.25,49.7167,47.87,48.3033,162789855
2020-03-06,46,47.1333,45.6167,46.9,189943770
2020-03-09,40.36,44.2,40.3333,40.5333,256106100
2020-03-10,43.9633,44.5333,40.5333,43.0233,233916645
2020-03-11,42.68,43.5733,40.8667,42.2833,201203805
2020-03-12,38.7267,39.6333,36.4167,37.37,283635780
2020-03-13,39.6667,40.5033,33.4667,36.44,339603810
2020-03-16,31.3,32.9913,29.478,29.6713,307341960
2020-03-17,29.334,31.4567,26.4,28.68,359918700
2020-03-18,25.9333,26.9907,23.3673,24.0813,356792430
2020-03-19,24.9797,30.1333,23.8973,28.5093,452931900
2020-03-20,29.2133,31.8,28.386,28.502,424282530
2020-03-23,28.9067,29.4667,27.3667,28.9527,246818235
2020-03-24,31.82,34.2467,31.6,33.6667,343427550
2020-03-25,36.35,37.1333,34.0733,35.95,318341175
2020-03-26,36.4933,37.3333,34.15,35.21,261331230
2020-03-27,33.6667,35.0533,32.9353,34.29,215661120
2020-03-30,34.0167,34.4433,32.7487,33.4767,179971005
2020-03-31,33.4167,36.1967,33.1333,34.9333,266572275
2020-04-01,33.6,34.2633,31.6733,32.104,200297700
2020-04-02,32.0687,32.9507,29.76,30.298,297876405
2020-04-03,33.9667,34.3667,31.226,32.0007,338431140
2020-04-06,34.08,34.7333,33.1967,34.4167,223527540
2020-04-07,36.3333,37.6667,35.49,36.3633,268796760
2020-04-08,36.9467,37.1467,35.5567,36.59,189840360
2020-04-09,37.4733,38.3467,37.14,38.2,204750000
2020-04-13,39.3433,43.4667,38.7033,43.3967,337131315
2020-04-14,46.5967,49.46,46.1633,47.3267,458647665
2020-04-15,49.4667,50.21,47.3333,48.6567,353655015
2020-04-16,47.7967,50.63,47.1133,49.68,309867930
2020-04-17,51.4867,51.6633,49.8433,50.26,196923555
2020-04-20,48.8467,51.0367,47.48,49.7567,221198655
2020-04-21,48.6733,50.2233,44.92,45.78,303136395
2020-04-22,46.9333,48.9333,45.9133,48.8067,213372465
2020-04-23,48.5067,48.9333,46.8767,47.0433,198550455
2020-04-24,47.3867,48.7167,46.5467,48.3433,198564180
2020-04-27,49.1733,53.3,49,53.25,310221630
2020-04-28,53.0433,53.6667,50.4467,51.2733,228329460
2020-04-29,52.6767,53.5467,52.21,53.3667,243239730
2020-04-30,57.0133,57.9867,50.9,52.1267,427077810
2020-05-01,50.3333,51.5167,45.5367,46.7533,487977105
2020-05-04,46.7333,50.8,46.5333,50.7467,288556350
2020-05-05,52.6533,53.26,50.8133,51.2133,254874840
2020-05-06,51.7667,52.6533,50.74,52.1733,166848465
2020-05-07,51.8133,53.0933,51.49,52.0033,172915290
2020-05-08,52.9167,54.9333,52.4667,54.6267,241951305
2020-05-11,52.7,54.9333,52.3333,54.0867,247794015
2020-05-12,55.1333,56.22,53.8667,53.96,238603575
2020-05-13,54.7233,55.0667,50.8867,52.73,285982365
2020-05-14,52,53.5567,50.9333,53.5567,205232820
2020-05-15,52.69,53.67,52.4367,53.2767,157776420
2020-05-18,55.1867,55.6467,53.5933,54.2433,175471530
2020-05-19,54.3433,54.8033,53.74,53.8667,144547830
2020-05-20,54.7,55.0667,54.12,54.37,109639065
2020-05-21,54.4,55.5,53.0667,55.1733,183818760
2020-05-22,54.81,55.4533,54.1333,54.46,149812125
2020-05-26,55.6333,55.64,54.38,54.59,121346040
2020-05-27,54.7233,55.18,52.3333,54.6833,173242950
2020-05-28,54.2333,54.9833,53.4467,53.72,109136610
2020-05-29,53.9167,55.6667,53.6133,55.6667,177187335
2020-06-01,57.2,59.9333,56.94,59.8733,226279455
2020-06-02,59.6467,60.5767,58.0667,58.77,203483940
2020-06-03,59.2067,59.8633,58.6733,58.8633,119242035
2020-06-04,59.3267,59.7167,57.23,57.6267,133315695
2020-06-05,58.5233,59.1,57.7467,59.0433,117178755
2020-06-08,61.2667,63.3333,60.61,63.3267,212620905
2020-06-09,62.6667,63.63,61.5967,62.71,170822310
2020-06-10,66.1267,68.5,65.5,68.3367,278451195
2020-06-11,66.0133,67.93,64.8,64.8567,238747230
2020-06-12,65.3333,65.8667,60.84,62.3533,251450610
2020-06-15,61.1867,66.59,60.5667,66.06,235457670
2020-06-16,67.4567,67.5267,64.16,65.4767,210766170
2020-06-17,65.8467,67,65.5033,66.12,148362000
2020-06-18,66.8667,67.9467,66.2967,66.93,146279040
2020-06-19,67.52,67.73,66.09,66.7267,130196235
2020-06-22,66.6633,67.26,66,66.2867,95435250
2020-06-23,66.5933,67.4667,66.2667,66.7867,95479065
2020-06-24,66.2733,66.7267,63.5433,64.0567,164393895
2020-06-25,63.6167,65.7333,62.4767,65.7333,138818235
2020-06-26,66.32,66.3333,63.6567,63.9833,132823620
2020-06-29,64.6,67.3333,63.2333,67.29,135396060
2020-06-30,67.1,72.5133,66.9167,71.9867,253777515
2020-07-01,72.2,75.69,72.0333,74.6433,199903440
2020-07-02,81.4333,81.8667,79.04,80.5767,258751725
2020-07-06,85.1133,91.8533,84.4033,91.44,308547960
2020-07-07,93.6667,95.3,89.1133,92.6567,322344915
2020-07-08,93.6667,94.4833,87.4233,91.06,244669680
2020-07-09,93.1333,93.9033,90.0867,92.9533,175763970
2020-07-10,93.0667,103.26,91.7333,102.977,350063295
2020-07-13,110.6,119.667,98.0733,99.8033,584780430
2020-07-14,103.733,106,95.4,101.12,351272100
2020-07-15,102.867,103.333,97.1333,103.067,245517435
2020-07-16,98.4767,102.113,97.7333,100.043,214511775
2020-07-17,100.897,102.5,99.3333,100.057,139949580
2020-07-20,101.267,110,99.2,109.533,256820505
2020-07-21,109.33,111.667,103.867,104.557,242359200
2020-07-22,106.6,108.427,104.133,106.157,212416200
2020-07-23,111.93,112.6,98.7167,100.87,364927560
2020-07-24,94.4,97.6667,91.1033,94.4667,290949240
2020-07-27,95.6667,103.197,94.2,102.64,240730035
2020-07-28,100.267,104.313,98.2933,98.4333,237130500
2020-07-29,100.067,102.32,99.1333,99.94,141403395
2020-07-30,99.2,100.883,98.0667,99.1667,114315585
2020-07-31,101,101.137,94.7333,95.3833,183704400
2020-08-03,96.6133,100.653,96.2933,99,132140190
2020-08-04,99.6667,101.827,97.4667,99.1333,126224850
2020-08-05,99.5333,99.99,97.8867,99,74670225
2020-08-06,99.39,101.153,98.4833,99.3067,89884695
2020-08-07,99.97,99.9833,94.3333,96.8467,133446300
2020-08-10,96.5333,97.1667,92.39,94.57,112833960
2020-08-11,93.0667,94.6667,91,91.6267,129387510
2020-08-12,98,105.667,95.6667,103.65,328482510
2020-08-13,107.4,110.08,104.483,108.067,306379620
2020-08-14,111,111.253,108.443,110.047,188664210
2020-08-17,111.8,123.057,111.523,122.377,303634845
2020-08-18,126.6,128.26,123.007,125.807,247117365
2020-08-19,124.333,127.4,122.747,125.237,183079965
2020-08-20,124.047,134.8,123.803,133.457,309176940
2020-08-21,136.317,139.7,135.003,136.667,322343385
2020-08-24,141.753,141.933,128.5,134.28,300954315
2020-08-25,131.66,135.197,131.2,134.89,159883395
2020-08-26,137.333,144.4,136.91,143.543,213590730
2020-08-27,145.363,153.04,142.833,149.25,355395645
2020-08-28,153.007,154.567,145.767,147.56,301217640
2020-08-31,148.203,166.713,146.703,166.107,355123218
2020-09-01,167.38,167.497,156.837,158.35,270358257
2020-09-02,159.663,159.68,135.04,149.123,288528384
2020-09-03,135.743,143.933,134,135.667,262788258
2020-09-04,134.27,142.667,124.007,139.44,330965655
2020-09-08,118.667,122.913,109.96,110.07,346397073
2020-09-09,118.867,123,113.837,122.093,238397307
2020-09-10,128.737,132.997,120.187,123.78,254791824
2020-09-11,127.313,127.5,120.167,124.24,182152377
2020-09-14,126.983,140,124.433,139.873,249061824
2020-09-15,145.52,153.98,143.567,149.92,291894684
2020-09-16,146.623,152.597,145.103,147.253,217640280
2020-09-17,138.533,145.93,136,141.143,230337489
2020-09-18,149.313,150.333,142.933,147.383,259220457
2020-09-21,151.043,151.893,135.69,149.797,328430400
2020-09-22,143.2,145.92,139.2,141.41,238742385
2020-09-23,135.053,137.383,125.293,126.787,285222528
2020-09-24,121.267,133.167,117.1,129.263,289683183
2020-09-25,131.157,136.244,130.433,135.78,201625377
2020-09-28,141.54,142.693,138.517,140.4,149158683
2020-09-29,138.667,142.833,137.2,139.69,151024212
2020-09-30,140.44,144.643,140.157,143.003,144436698
2020-10-01,146.92,149.627,144.807,149.387,152224362
2020-10-02,140.463,146.377,138.333,138.363,214290075
2020-10-05,141.117,144.547,139.777,141.893,134168358
2020-10-06,141.263,142.927,135.35,137.993,147438777
2020-10-07,139.957,143.3,137.948,141.767,129383127
2020-10-08,146.147,146.333,141.767,141.973,121263348
2020-10-09,143.377,144.863,142.153,144.667,86776968
2020-10-12,147.333,149.58,146.193,147.433,116373399
2020-10-13,147.783,149.63,145.533,148.883,103390995
2020-10-14,149.927,155.3,149.117,153.767,144136182
2020-10-15,150.103,152.19,147.5,149.627,107017062
2020-10-16,151.48,151.983,146.283,146.557,98327637
2020-10-19,148.747,149,142.957,143.61,108863529
2020-10-20,143.917,143.917,139.683,140.647,94968867
2020-10-21,140.9,144.317,140.417,140.88,97111383
2020-10-22,147.307,148.41,141.503,141.93,119979573
2020-10-23,140.613,140.962,135.793,140.21,101150940
2020-10-26,137.21,141.92,136.667,140.093,84717483
2020-10-27,141.253,143.5,140.033,141.56,68059518
2020-10-28,138.827,139.533,135.333,135.34,76354227
2020-10-29,136.653,139.353,135.487,136.943,67965924
2020-10-30,135.632,135.864,126.37,129.347,127762917
2020-11-02,131.333,135.66,130.767,133.503,87063354
2020-11-03,136.577,142.59,135.563,141.3,103055145
2020-11-04,143.54,145.133,139.033,140.327,96429171
2020-11-05,142.767,146.667,141.333,146.03,85243569
2020-11-06,145.367,145.523,141.427,143.317,65118042
2020-11-09,146.5,150.833,140.333,140.42,104499075
2020-11-10,140.03,140.03,132.01,136.787,90852672
2020-11-11,138.817,139.565,136.86,139.043,52073166
2020-11-12,138.35,141,136.507,137.253,59821500
2020-11-13,136.95,137.511,133.887,136.167,59491053
2020-11-16,136.31,137.483,134.696,136.03,80515905
2020-11-17,153.39,154,144.337,147.203,183564843
2020-11-18,149.45,165.333,147.833,162.213,234132072
2020-11-19,164,169.537,162.523,166.423,187426038
2020-11-20,165.997,167.5,163.02,163.203,98735766
2020-11-23,167.833,175.333,167.263,173.95,150780912
2020-11-24,180.133,186.663,175.4,185.127,160945482
2020-11-25,183.353,191.333,181.79,191.333,146790486
2020-11-27,193.72,199.593,192.817,195.253,112683234
2020-11-30,200.737,202.6,184.837,189.2,189009156
2020-12-01,199.197,199.283,190.683,194.92,121148496
2020-12-02,185.48,190.513,180.403,189.607,143326959
2020-12-03,196.673,199.657,194.143,197.793,127656009
2020-12-04,197.003,199.68,195.167,199.68,88203942
2020-12-07,201.64,216.262,201.017,213.92,167964909
2020-12-08,208.502,217.093,206.167,216.627,191929665
2020-12-09,217.897,218.107,196,201.493,213027585
2020-12-10,191.457,209.25,188.78,209.023,201249459
2020-12-11,205.003,208,198.933,203.33,139424922
2020-12-14,206.333,214.25,203.4,213.277,156121947
2020-12-15,214.427,215.633,207.933,211.083,135670677
2020-12-16,209.41,210.833,201.667,207.59,126287439
2020-12-17,209.397,219.607,206.5,218.633,168810432
2020-12-18,222.967,231.667,209.513,231.667,666378582
2020-12-21,222.08,222.833,215.357,216.62,174135792
2020-12-22,216,216.627,204.743,213.447,155584932
2020-12-23,210.733,217.167,207.523,215.327,99518916
2020-12-24,214.33,222.03,213.667,220.59,68596704
2020-12-28,224.837,227.133,220.267,221.23,96835683
2020-12-29,220.333,223.3,218.333,221.997,68732433
2020-12-30,224,232.2,222.787,231.593,128538063
2020-12-31,233.33,239.573,230.373,235.223,148949784
2021-01-04,239.82,248.163,239.063,243.257,145914567
2021-01-05,241.22,246.947,239.733,245.037,96735495
2021-01-06,252.83,258,249.7,251.993,134099895
2021-01-07,259.21,272.33,258.4,272.013,154496844
2021-01-08,285.333,294.83,279.463,293.34,225166584
2021-01-11,283.133,284.81,267.874,270.397,178662438
2021-01-12,277,289.333,275.78,283.147,138812160
2021-01-13,284.253,286.823,277.333,284.803,99937488
2021-01-14,281.13,287.667,279.583,281.667,93798981
2021-01-15,284,286.633,273.033,275.387,116332788
2021-01-19,279.267,283.333,277.667,281.517,76100940
2021-01-20,286.247,286.5,279.093,283.483,76997649
2021-01-21,285,285.24,280.473,281.663,61794399
2021-01-22,278.103,282.667,276.207,282.213,60199491
2021-01-25,285,300.133,279.607,293.6,123520191
2021-01-26,297.127,298.633,290.533,294.363,69394809
2021-01-27,290.117,297.167,286.22,288.053,82001865
2021-01-28,273.333,282.667,267,278.477,79134144
2021-01-29,276.667,280.803,260.033,264.51,104972262
2021-02-01,271.43,280.667,265.187,279.937,76174155
2021-02-02,281.56,293.5,280.734,290.93,73038639
2021-02-03,292.34,292.693,284.355,284.897,55030530
2021-02-04,285,285.5,277.807,283.33,47437983
2021-02-05,281.667,288.257,279.657,284.077,55699911
2021-02-08,289.89,292.59,284.917,287.807,60485157
2021-02-09,285.04,286.6,280.583,283.153,45472953
2021-02-10,281.212,281.607,266.673,268.273,108648270
2021-02-11,270.813,276.627,267.242,270.553,64868259
2021-02-12,267.087,272.443,261.777,272.04,71304939
2021-02-16,272.667,273.667,264.147,265.407,59406972
2021-02-17,259.697,266.613,254.003,266.05,78236694
2021-02-18,260.3,264.897,258.757,262.46,53871174
2021-02-19,265,265.597,259.123,260.433,56874765
2021-02-22,254.213,256.167,236.733,238.167,111809148
2021-02-23,220.71,237.87,206.333,232.947,199820646
2021-02-24,237.283,248.333,231.39,247.34,110300850
2021-02-25,242.05,245.736,223.527,227.407,117071565
2021-02-26,233.333,235.567,219.837,225.167,123267519
2021-03-01,230.037,290.667,228.35,239.477,81408717
2021-03-02,239.427,240.37,228.333,228.813,71196474
2021-03-03,229.33,233.567,217.235,217.733,90623880
2021-03-04,218.6,291.313,200,207.147,197758590
2021-03-05,208.687,209.281,179.83,199.317,268189377
2021-03-08,200.183,206.708,186.263,187.667,155360874
2021-03-09,202.727,226.03,198.403,224.527,202569984
2021-03-10,233.55,239.283,218.353,222.687,181817016
2021-03-11,233.133,234.167,225.727,233.2,108761676
2021-03-12,223.333,231.627,222.046,231.243,100751520
2021-03-15,231.363,237.727,228.013,235.98,88270437
2021-03-16,234.45,235.973,223.667,225.627,96587016
2021-03-17,218.957,234.577,217.003,233.937,121117359
2021-03-18,228.097,229.743,217.333,217.72,100107066
2021-03-19,215.533,219.077,208.207,218.29,128681934
2021-03-22,228.197,233.207,222.917,223.333,118536663
2021-03-23,225.257,225.933,219.17,220.72,91475610
2021-03-24,222.637,222.673,210.037,210.09,101385522
2021-03-25,204.333,215.167,203.167,213.463,117674550
2021-03-26,213.957,214.607,199.963,206.237,101558481
2021-03-29,205.213,205.493,198.673,203.763,85910955
2021-03-30,200.583,212.553,197.003,211.873,118297077
2021-03-31,215.54,224,213.703,222.643,100011864
2021-04-01,229.457,230.807,219.807,220.583,105895134
2021-04-05,235.903,236.053,228.233,230.35,125528301
2021-04-06,230.1,232.183,227.123,230.54,84815517
2021-04-07,229,230.46,222.613,223.657,78928299
2021-04-08,225.793,229.85,223.882,227.933,71772987
2021-04-09,225.923,226.99,223.143,225.673,64311261
2021-04-12,228.567,234.933,227.363,233.993,87407010
2021-04-13,237.567,254.333,236.887,254.107,133958424
2021-04-14,256.9,260.263,242.677,244.077,147052302
2021-04-15,247.7,247.897,240.437,246.283,83546700
2021-04-16,242.883,249.803,241.533,246.593,83938578
2021-04-19,239.867,241.8,230.6,238.21,119058678
2021-04-20,239.14,245.75,236.895,239.663,106827114
2021-04-21,234.923,248.28,232.667,248.04,93646542
2021-04-22,247.167,251.257,239.347,239.897,106770765
2021-04-23,239.933,245.787,238.487,243.133,85241667
2021-04-26,247,249.767,244.202,246.067,93115506
2021-04-27,239.32,241.333,234.45,234.913,88310985
2021-04-28,232.137,236.167,231.2,231.467,66813141
2021-04-29,233.17,234.083,222.833,225.667,86536347
2021-04-30,222.53,238.49,222.047,236.48,122276166
2021-05-03,234.6,235.333,226.833,228.3,81129429
2021-05-04,226.313,227.815,219.234,224.533,89217957
2021-05-05,227.02,228.432,222.447,223.647,65705682
2021-05-06,226.92,227.007,216.667,221.18,83353857
2021-05-07,221.933,230,220.073,224.123,70407516
2021-05-10,221.633,221.683,209.203,209.68,94177251
2021-05-11,199.747,209.033,198.533,205.733,139511688
2021-05-12,200.83,206.803,195.588,196.63,101470938
2021-05-13,200.515,202.153,186.55,190.563,132554748
2021-05-14,194.47,197.623,190.153,196.58,100112568
2021-05-17,191.851,196.577,187.067,192.277,97171080
2021-05-18,189.333,198.75,187.793,192.623,110491701
2021-05-19,184.183,188.737,182.327,187.82,118735185
2021-05-20,191.667,196.283,190.357,195.593,92463357
2021-05-21,198.703,198.893,193.333,193.627,78091785
2021-05-24,193.867,204.827,191.217,202.147,103674267
2021-05-25,202.437,204.663,198.57,201.563,84017799
2021-05-26,202.52,208.723,200.5,206.377,85917915
2021-05-27,206.747,210.377,205.403,210.283,79111779
2021-05-28,209.5,211.863,207.46,208.407,68211114
2021-06-01,209.267,211.267,206.85,207.967,54254670
2021-06-02,206.71,207.787,199.713,201.707,69908337
2021-06-03,200.6,201.517,190.407,190.947,90335679
2021-06-04,193.237,200.203,192.4,199.683,72110688
2021-06-07,197.275,203.333,194.293,201.71,67631046
2021-06-08,207.67,207.697,198.5,201.197,78160215
2021-06-09,200.723,203.93,199.21,199.593,49753698
2021-06-10,201.293,205.53,200.167,203.373,71758818
2021-06-11,203.41,204.187,200.507,203.297,48615909
2021-06-14,204.077,208.497,203.06,205.897,61271949
2021-06-15,205.563,205.597,199.41,199.787,53292435
2021-06-16,199.178,202.833,197.833,201.623,66432381
2021-06-17,200.629,207.157,200.447,205.533,68104050
2021-06-18,204.457,209.45,203.933,207.77,73682715
2021-06-21,208.16,210.463,202.96,206.943,74438223
2021-06-22,206.083,209.523,205.167,207.903,57476676
2021-06-23,210.667,219.068,210.013,218.857,93297684
2021-06-24,224.997,232.54,222.537,226.607,137947158
2021-06-25,229.86,231.27,222.9,223.957,97490121
2021-06-28,223.88,231.567,223.44,229.573,64884477
2021-06-29,228.217,229.17,225.297,226.92,52143939
2021-06-30,226.59,230.937,226.047,226.567,56774586
2021-07-01,227.973,229.33,224.267,225.973,55903566
2021-07-02,226.327,233.333,224.42,226.3,81292122
2021-07-06,227.237,228,217.133,219.86,69853350
2021-07-07,221.423,221.9,212.773,214.883,56375880
2021-07-08,209.457,218.143,206.82,217.603,68319948
2021-07-09,217.728,219.637,214.897,218.983,54421644
2021-07-12,220.733,229.08,220.72,228.567,77781126
2021-07-13,228.773,231.093,222.099,222.847,62898276
2021-07-14,223.583,226.203,217.613,217.793,64923570
2021-07-15,219.463,222.047,212.627,216.867,60628713
2021-07-16,218.227,218.9,214.067,214.74,49112910
2021-07-19,209.963,215.733,207.097,215.407,63891270
2021-07-20,217.33,220.797,213.5,220.167,46461381
2021-07-21,219.87,221.62,216.763,218.43,41860014
2021-07-22,218.814,220.723,214.867,216.42,45317181
2021-07-23,215.453,216.267,212.433,214.46,43814832
2021-07-26,216.99,222.733,215.703,219.207,76009668
2021-07-27,221.133,222.167,209.08,214.927,98439870
2021-07-28,215.665,218.323,213.133,215.66,48019788
2021-07-29,216.597,227.897,216.267,225.783,91183911
2021-07-30,223.919,232.51,223,229.067,88969233
2021-08-02,233.333,242.313,232.8,236.557,100847295
2021-08-03,239.667,240.883,233.67,236.58,64860759
2021-08-04,237,241.633,236.31,236.973,51007941
2021-08-05,238.667,240.317,237.137,238.21,38758911
2021-08-06,237.3,238.777,232.543,233.033,46869147
2021-08-09,236.723,239.677,235.043,237.92,44146047
2021-08-10,237.997,238.863,233.96,236.663,40296915
2021-08-11,237.57,238.393,234.737,235.94,29401674
2021-08-12,235.447,240.933,233.133,240.75,53045058
2021-08-13,241.237,243.3,238.113,239.057,50194401
2021-08-16,235.023,236.5,225.467,228.723,69309909
2021-08-17,224.217,224.86,216.28,221.903,71163837
2021-08-18,223.249,231.923,223.117,229.663,61048125
2021-08-19,226.07,228.85,222.53,224.49,42940458
2021-08-20,227.617,230.71,224.567,226.753,44525595
2021-08-23,228.481,237.377,226.917,235.433,60794577
2021-08-24,236.893,238.407,234.213,236.163,39249213
2021-08-25,235.677,238.99,234.667,237.067,37936686
2021-08-26,236.103,238.467,232.54,233.72,39642876
2021-08-27,235,238.333,234.033,237.307,41501289
2021-08-30,238.238,243.667,237.577,243.637,55812660
2021-08-31,244.333,246.797,242.147,245.24,62566308
2021-09-01,244.693,247.33,243.757,244.697,39613005
2021-09-02,244.833,246.99,243.513,244.13,38390217
2021-09-03,244.083,244.667,241.4,244.523,45813135
2021-09-07,246.667,253.4,246.42,250.973,60119475
2021-09-08,253.86,254.817,246.924,251.29,56379108
2021-09-09,251.137,254.033,250.543,251.62,42233193
2021-09-10,253.2,254.203,244.84,245.423,45552510
2021-09-13,246.738,248.26,236.283,247.667,68857446
2021-09-14,247.523,251.49,245.467,248.163,55574643
2021-09-15,248.333,252.287,246.12,251.943,46073055
2021-09-16,250.943,252.97,249.203,252.33,41770179
2021-09-17,252.383,253.68,250,253.163,84612528
2021-09-20,244.853,247.333,239.542,243.39,74272956
2021-09-21,244.93,248.247,243.48,246.46,48992169
2021-09-22,247.842,251.223,246.373,250.647,45378816
2021-09-23,251.667,252.733,249.307,251.213,35842581
2021-09-24,248.63,258.267,248.187,258.13,64119066
2021-09-27,257.707,266.333,256.437,263.787,84211971
2021-09-28,262.4,265.213,255.393,259.187,76144266
2021-09-29,259.933,264.5,256.893,260.437,62828631
2021-09-30,260.333,263.044,258.333,258.493,53867883
2021-10-01,259.467,260.26,254.53,258.407,51094242
2021-10-04,265.5,268.99,258.707,260.51,91450023
2021-10-05,261.599,265.77,258.067,260.197,55297875
2021-10-06,258.733,262.22,257.74,260.917,43898304
2021-10-07,261.82,268.333,261.127,264.537,57587346
2021-10-08,265.403,265.46,260.303,261.83,50215812
2021-10-11,262.55,267.08,261.833,263.98,42600966
2021-10-12,266.977,270.773,265.523,268.573,66060120
2021-10-13,270.157,271.803,268.593,270.36,42360225
2021-10-14,271.83,273.417,271.117,272.773,36741510
2021-10-15,274.579,281.07,274.117,281.01,56773701
2021-10-18,283.93,291.753,283.823,290.037,72621732
2021-10-19,292.51,292.65,287.503,288.09,52143384
2021-10-20,288.45,289.83,285.793,288.6,42096156
2021-10-21,285.333,300,285.168,298,94444362
2021-10-22,298.5,303.333,296.987,303.227,68642505
2021-10-25,316.843,348.34,314.733,341.62,188556297
2021-10-26,341.563,364.98,333.813,339.477,187244904
2021-10-27,346.553,356.96,343.593,345.953,115579377
2021-10-28,356.102,360.333,351.4,359.013,81639519
2021-10-29,360.62,371.737,357.735,371.333,89755251
2021-11-01,381.667,403.25,372.887,402.863,168146148
2021-11-02,386.452,402.863,382,390.667,128213391
2021-11-03,392.443,405.13,384.207,404.62,103885557
2021-11-04,411.47,414.497,405.667,409.97,76192230
2021-11-05,409.333,413.29,402.667,407.363,64886436
2021-11-08,383.262,399,377.667,387.647,100337145
2021-11-09,391.2,391.5,337.173,341.167,177317508
2021-11-10,336.803,359.367,329.103,355.983,128408166
2021-11-11,367.59,368.323,351.56,354.503,67189704
2021-11-12,349.167,351.5,339.733,344.473,76719444
2021-11-15,339.21,343.993,326.2,337.797,104326947
2021-11-16,334.437,352.4,334.06,351.577,79627077
2021-11-17,354.503,373.213,351.833,363.003,94336095
2021-11-18,368.85,370.667,358.34,365.46,62696790
2021-11-19,366.29,379.573,364.233,379.02,64926774
2021-11-22,387.443,400.65,377.477,385.623,99217527
2021-11-23,389.17,393.5,354.233,369.677,108515100
2021-11-24,360.13,377.59,354,372,67680714
2021-11-26,366.49,369.594,360.333,360.64,35042670
2021-11-29,366.997,380.89,366.73,378.997,58393401
2021-11-30,381.457,389.333,372.667,381.587,81276114
2021-12-01,386.898,390.947,363.587,365,68804094
2021-12-02,366.353,371,352.217,361.533,73114869
2021-12-03,361.597,363.525,333.403,338.323,92321985
2021-12-06,333.837,340.547,316.833,336.337,81663111
2021-12-07,348.067,352.558,342.27,350.583,56084571
2021-12-08,350.903,357.46,344.333,356.32,41906370
2021-12-09,353.547,354.163,334.12,334.6,59438496
2021-12-10,336.25,340.327,327.51,339.01,59664366
2021-12-13,333.697,335,317.14,322.137,78595506
2021-12-14,315,322.137,310,319.503,70806270
2021-12-15,317.737,326.25,309.417,325.33,75169230
2021-12-16,331.5,331.66,307.283,308.973,82771449
2021-12-17,304.923,320.22,303.013,310.857,100880262
2021-12-20,303.567,307.229,297.797,299.98,56480013
2021-12-21,305.623,313.167,295.373,312.843,71517915
2021-12-22,321.887,338.553,319.017,336.29,93634086
2021-12-23,335.6,357.659,332.52,355.667,92713287
2021-12-27,357.89,372.333,356.905,364.647,71145819
2021-12-28,369.83,373,359.473,362.823,60323907
2021-12-29,366.213,368,354.713,362.063,56154045
2021-12-30,353.777,365.183,351.05,356.78,47040939
2021-12-31,357.815,360.667,351.53,352.26,40733625
2022-01-03,382.583,400.357,378.68,399.927,104686047
2022-01-04,396.517,402.667,374.35,383.197,100248258
2022-01-05,382.217,390.113,360.337,362.707,80119797
2022-01-06,359,362.667,340.167,354.9,90336474
2022-01-07,360.123,360.31,336.667,342.32,84164748
2022-01-10,333.333,353.033,326.667,352.707,91814877
2022-01-11,351.223,358.617,346.273,354.8,66063210
2022-01-12,359.617,371.613,357.53,368.74,83739015
2022-01-13,369.688,371.867,342.18,343.853,97209792
2022-01-14,339.96,350.667,337.793,349.87,72924411
2022-01-18,342.202,356.93,338.687,343.503,66989409
2022-01-19,347.235,351.557,331.667,331.883,75442488
2022-01-20,336.577,347.22,331.333,332.09,70488744
2022-01-21,332.113,334.85,313.5,314.633,103416027
2022-01-24,301.587,311.171,283.823,310,152375142
2022-01-25,304.733,317.087,301.07,306.133,86595906
2022-01-26,317.477,329.23,302,312.47,104867283
2022-01-27,311.12,311.797,276.333,276.367,147109569
2022-01-28,277.187,285.833,264.003,282.117,134788950
2022-01-31,290.903,312.663,287.35,312.24,104436096
2022-02-01,311.737,314.567,301.667,310.417,73138338
2022-02-02,309.393,310.5,296.47,301.887,66793035
2022-02-03,294,312.333,293.507,297.047,78855558
2022-02-04,299.073,312.167,293.723,307.773,73625466
2022-02-07,307.93,315.923,300.903,302.447,60994464
2022-02-08,301.843,308.763,298.267,307.333,50729013
2022-02-09,311.667,315.423,306.667,310.667,52259544
2022-02-10,302.79,314.603,298.9,301.517,66126831
2022-02-11,303.21,305.32,283.567,286.667,79645869
2022-02-14,287.19,299.627,284.383,291.92,67756416
2022-02-15,300,307.667,297.792,307.477,57649542
2022-02-16,304.683,308.81,300.403,307.797,51294396
2022-02-17,304.42,306.167,291.367,292.117,55178418
2022-02-18,295.333,295.623,279.203,285.66,68501841
2022-02-22,278.043,285.578,267.033,273.843,83288202
2022-02-23,276.81,278.433,253.52,254.68,95257008
2022-02-24,233.463,267.493,233.333,266.923,135322275
2022-02-25,269.743,273.167,260.8,269.957,76067763
2022-02-28,271.67,292.287,271.569,290.143,99006867
2022-03-01,289.893,296.627,284.593,288.123,74766861
2022-03-02,290.71,295.493,281.424,293.297,74643438
2022-03-03,292.923,295.48,277.533,279.763,61623507
2022-03-04,283.033,285.217,275.054,279.43,67179861
2022-03-07,285.433,288.713,268.19,268.193,72494172
2022-03-08,265.177,283.33,260.723,274.8,80399106
2022-03-09,279.827,286.853,277.337,286.323,59183979
2022-03-10,283.817,284.817,270.12,279.433,58648644
2022-03-11,280.066,281.267,264.59,265.117,67037166
2022-03-14,260.203,266.9,252.013,255.457,71152263
2022-03-15,258.423,268.523,252.19,267.297,66841143
2022-03-16,269.667,280.667,267.42,280.077,84028821
2022-03-17,276.997,291.667,275.239,290.533,66582972
2022-03-18,291.497,302.617,289.13,301.797,100414191
2022-03-21,304.993,314.283,302.363,307.053,81981648
2022-03-22,310,332.62,307.25,331.327,105868557
2022-03-23,326.647,346.9,325.467,333.037,120676149
2022-03-24,336.577,341.497,329.6,337.973,68920878
2022-03-25,336,340.6,332.44,336.88,62031546
2022-03-28,355.033,365.96,351.2,363.947,102506079
2022-03-29,369.33,371.59,357.703,366.523,73614819
2022-03-30,363.723,371.317,361.333,364.663,59865006
2022-03-31,364.857,367.713,358.88,359.2,48992757
2022-04-01,360.383,364.917,355.547,361.53,54263223
2022-04-04,363.127,383.303,357.51,381.817,82177701
2022-04-05,378.767,384.29,362.433,363.753,80075019
2022-04-06,357.823,359.667,342.567,348.587,89348535
2022-04-07,350.797,358.863,340.513,352.42,79447059
2022-04-08,347.737,349.48,340.812,341.83,55013688
2022-04-11,326.8,336.156,324.88,325.31,59357205
2022-04-12,332.547,340.397,325.533,328.983,65976096
2022-04-13,327.025,342.08,324.366,340.79,55121211
2022-04-14,333.097,337.57,327.397,328.333,58422405
2022-04-18,329.677,338.307,324.47,334.763,51715221
2022-04-19,335.02,344.98,331.775,342.717,49847832
2022-04-20,343.333,344.667,325.083,325.733,70711326
2022-04-21,358.243,364.073,332.138,336.26,105416337
2022-04-22,338.303,344.95,331.333,335.017,69696558
2022-04-25,326.323,336.207,325.1,332.673,68341335
2022-04-26,331.81,333.333,291.667,292.14,136133667
2022-04-27,299.527,306,292.453,293.837,76956396
2022-04-28,299.993,300,273.9,292.503,124948527
2022-04-29,300.75,311.467,290,290.253,88132995
2022-05-02,286.923,302.12,282.677,300.98,75781371
2022-05-03,301.06,308.027,296.197,303.083,63709575
2022-05-04,301.313,318.5,295.093,317.54,81643704
2022-05-05,313.07,315.2,285.9,291.093,92519193
2022-05-06,295.667,296,281.035,288.55,72903111
2022-05-09,278.817,281.877,260.383,262.37,90810222
2022-05-10,273.103,275.12,258.083,266.68,84401631
2022-05-11,265,269.923,242.4,244.667,97224459
2022-05-12,233.667,253.22,226.667,242.667,140312862
2022-05-13,257.827,262.45,250.522,256.53,92150724
2022-05-16,255.72,256.587,239.696,241.457,86098539
2022-05-17,249.12,254.827,242.95,253.87,80236110
2022-05-18,248.173,253.5,233.603,236.603,87811812
2022-05-19,235.667,244.667,231.37,236.473,90296673
2022-05-20,237.997,240.527,211,221.3,144973305
2022-05-23,218.34,226.652,212.687,224.967,88903638
2022-05-24,217.843,217.973,206.857,209.387,89092515
2022-05-25,207.95,223.107,207.67,219.6,92139324
2022-05-26,220.473,239.557,217.887,235.91,106003344
2022-05-27,241.083,253.267,240.177,253.21,89294982
2022-05-31,257.947,259.6,244.743,252.753,101914371
2022-06-01,251.72,257.327,243.64,246.79,77247963
2022-06-02,244.157,264.21,242.067,258.333,93473118
2022-06-03,243.225,247.797,233.418,234.517,112393737
2022-06-06,244.353,244.867,234.35,238.28,84204522
2022-06-07,234,239.997,230.093,238.887,72808602
2022-06-08,240.087,249.963,239.177,241.867,76210620
2022-06-09,249.34,255.547,239.327,239.707,96491307
2022-06-10,235.157,239.5,227.913,232.23,98090898
2022-06-13,223.167,226.633,214.683,215.737,102767262
2022-06-14,218.287,226.33,211.737,220.89,97988796
2022-06-15,220.917,235.663,218.15,233,119131935
2022-06-16,222.737,225.167,208.693,213.1,107390700
2022-06-17,213.433,220.969,213.197,216.76,92641770
2022-06-21,224.603,243.577,224.333,237.037,122792955
2022-06-22,234.503,246.833,233.827,236.087,101527260
2022-06-23,237.905,239.317,228.637,235.07,104202678
2022-06-24,237.468,246.067,236.087,245.707,95770695
2022-06-27,249.367,252.07,242.566,244.92,89178312
2022-06-28,244.483,249.97,232.343,232.663,90666501
2022-06-29,230.5,231.173,222.273,228.49,82897254
2022-06-30,224.51,229.457,218.863,224.473,94600452
2022-07-01,227,230.23,222.12,227.263,74460444
2022-07-05,223,233.147,216.167,233.067,84779112
2022-07-06,230.78,234.563,227.187,231.733,71853630
2022-07-07,233.92,245.362,232.21,244.543,81930690
2022-07-08,242.333,254.98,241.161,250.763,101854086
2022-07-11,252.103,253.063,233.627,234.343,99509220
2022-07-12,236.847,239.773,228.368,233.07,87930960
2022-07-13,225.5,242.06,225.033,237.04,97954497
2022-07-14,234.897,238.653,229.333,238.313,78557499
2022-07-15,240,243.623,236.89,240.067,69683019
2022-07-18,244.937,250.517,239.603,240.547,82537428
2022-07-19,245,247.14,236.977,245.53,80890110
2022-07-20,246.783,250.663,243.483,247.5,88864089
2022-07-21,255.107,273.267,254.867,271.707,142032177
2022-07-22,276.22,280.787,270.713,272.243,103472847
2022-07-25,272.217,274.147,267.4,268.433,64073505
2022-07-26,266.513,267.31,256.263,258.86,66820758
2022-07-27,263.81,275.926,261.79,274.82,88109988
2022-07-28,280.067,283.3,272.8,280.9,84722991
2022-07-29,280.7,298.32,279.1,297.15,95312883
2022-08-01,301.275,311.878,295,297.277,117042888
2022-08-02,294.003,307.833,292.667,300.587,95577468
2022-08-03,305,309.55,301.15,307.397,80091105
2022-08-04,311,313.607,305,308.633,72256317
2022-08-05,302.67,304.607,285.545,288.17,113172897
2022-08-08,295,305.2,289.085,290.423,99365274
2022-08-09,290.293,292.397,279.353,283.333,86244681
2022-08-10,297.067,297.51,283.37,294.357,94918872
2022-08-11,296.513,298.237,285.833,286.63,70155045
2022-08-12,289.415,300.16,285.033,300.03,79657287
2022-08-15,301.787,313.133,301.23,309.32,89359167
2022-08-16,311.667,314.667,302.883,306.563,88136322
2022-08-17,303.397,309.657,300.033,303.997,68765970
2022-08-18,306,306.5,301.853,302.87,47500536
2022-08-19,299,300.36,292.5,296.667,61395387
2022-08-22,291.913,292.4,286.297,289.913,55843347
2022-08-23,291.453,298.827,287.923,296.453,63985044
2022-08-24,297.563,303.647,296.5,297.097,57259716
2022-08-25,302.36,302.96,291.6,296.07,53230013
2022-08-26,297.43,302,287.47,288.09,57163947
2022-08-29,282.83,287.74,280.7,284.82,41864742
2022-08-30,287.865,288.48,272.65,277.7,50541759
2022-08-31,280.62,281.25,271.81,275.61,52107337
2022-09-01,272.575,277.58,266.15,277.16,54287024
2022-09-02,281.065,282.35,269.08,270.21,50890090
2022-09-06,272.675,275.99,265.74,274.42,55859984
2022-09-07,273.1,283.84,272.27,283.7,50028916
2022-09-08,281.3,289.5,279.76,289.26,53713124
2022-09-09,291.67,299.85,291.245,299.68,54470854
2022-09-12,300.72,305.49,300.4,304.42,48674604
2022-09-13,292.9,297.3999,290.4,292.13,68229619
2022-09-14,292.13,306,291.64,302.61,72628653
2022-09-15,301.825,309.12,300.7247,303.75,64795523
2022-09-16,299.605,303.71,295.6005,303.35,87087786
2022-09-19,300.09,309.84,297.8,309.07,60231156
2022-09-20,306.91,313.33,305.58,308.73,61642783
2022-09-21,308.29,313.8,300.63,300.8,62555656
2022-09-22,299.86,301.29,285.82,288.59,70545413
2022-09-23,283.09,284.5,272.82,275.33,63748362
2022-09-26,271.83,284.09,270.31,276.01,58076913
2022-09-27,283.84,288.67,277.51,282.94,61925185
2022-09-28,283.08,289,277.57,287.81,54664809
2022-09-29,282.76,283.65,265.78,268.21,77620642
2022-09-30,266.145,275.57,262.47,265.25,67726598
2022-10-03,254.5,255.16,241.01,242.4,98363541
2022-10-04,250.53,257.5,242.01,249.44,109578535
2022-10-05,245.01,246.6697,233.27,240.81,86982673
2022-10-06,239.44,244.58,235.35,238.13,69298437
2022-10-07,233.935,234.5715,222.02,223.07,83916800
2022-10-10,223.93,226.99,218.3582,222.96,67925018
2022-10-11,220.945,225.75,215,216.5,77013202
2022-10-12,215.33,219.2999,211.51,217.24,66860699
2022-10-13,208.3,222.99,206.22,221.72,91483045
2022-10-14,224.01,226.26,204.16,204.99,94124511
2022-10-17,210.04,221.86,209.45,219.35,79428810
2022-10-18,229.5,229.82,217.25,220.19,75891905
2022-10-19,219.8,222.93,217.78,222.04,66571479
2022-10-20,208.28,215.55,202,207.28,117798062
2022-10-21,206.415,214.66,203.8,214.44,75713754
2022-10-24,205.82,213.5,198.5863,211.25,100446765
2022-10-25,210.1,224.3498,210,222.415,96507870
2022-10-26,219.4,230.6,218.2,224.64,85327078
2022-10-27,229.77,233.81,222.85,225.09,61638824
2022-10-28,225.4,228.86,216.35,228.52,69152386
2022-10-31,226.19,229.85,221.94,227.54,61554341
2022-11-01,234.05,237.3951,227.28,227.82,62688822
2022-11-02,226.04,227.8699,214.82,214.98,63070293
2022-11-03,211.36,221.2,210.14,215.31,56538848
2022-11-04,222.6,223.8,203.08,207.47,98622212
2022-11-07,208.65,208.9,196.66,197.08,93916520
2022-11-08,194.02,195.2,186.75,191.3,128803404
2022-11-09,190.775,195.89,177.12,177.59,127062659
2022-11-10,189.9,191,180.03,190.72,132703015
2022-11-11,186,196.52,182.59,195.97,114403575
2022-11-14,192.77,195.73,186.34,190.95,92226649
2022-11-15,195.88,200.8237,192.06,194.42,91293785
2022-11-16,191.51,192.57,185.66,186.92,66567599
2022-11-17,183.96,186.16,180.9,183.17,64335970
2022-11-18,185.05,185.19,176.55,180.19,76048866
2022-11-21,175.85,176.77,167.54,167.87,92882712
2022-11-22,168.63,170.92,166.185,169.91,78452327
2022-11-23,173.57,183.62,172.5,183.2,109536709
2022-11-25,185.06,185.2,180.63,182.86,50672739
2022-11-28,179.96,188.5,179,182.92,93038148
2022-11-29,184.99,186.38,178.75,180.83,83357111
2022-11-30,182.43,194.76,180.6301,194.7,109186404
2022-12-01,197.08,198.92,191.8,194.7,80046213
2022-12-02,191.78,196.25,191.11,194.86,73645922
2022-12-05,189.44,191.27,180.55,182.45,93122667
2022-12-06,181.215,183.65,175.33,179.82,92150823
2022-12-07,175.03,179.38,172.218,174.04,84213284
2022-12-08,172.2,175.2,169.06,173.44,97624491
2022-12-09,173.84,182.5,173.36,179.05,104872336
2022-12-12,176.1,177.37,167.52,167.82,109794471
2022-12-13,174.87,175.05,156.91,160.95,175862722
2022-12-14,159.25,161.62,155.31,156.8,140682338
2022-12-15,153.44,160.9299,153.28,157.67,122334459
2022-12-16,159.635,160.99,150.04,150.23,139032175
2022-12-19,154,155.25,145.82,149.87,139390634
2022-12-20,146.05,148.47,137.66,137.8,159563267
2022-12-21,139.335,141.26,135.89,137.57,145417412
2022-12-22,136,136.63,122.26,125.35,210090250
2022-12-23,126.37,128.6173,121.02,123.15,166989688
2022-12-27,117.495,119.67,108.76,109.1,208643444
2022-12-28,110.35,116.27,108.24,112.71,221070537
2022-12-29,120.385,123.57,117.495,121.82,221923313
2022-12-30,119.95,124.48,119.75,123.18,157777339
2023-01-03,118.47,118.8,104.64,108.1,231402818
2023-01-04,109.11,114.59,107.52,113.64,180388976
2023-01-05,110.51,111.75,107.1601,110.34,157986324
2023-01-06,103,114.39,101.81,113.06,220911051
2023-01-09,118.96,123.52,117.11,119.77,190283951
2023-01-10,121.07,122.76,114.92,118.85,167642485
2023-01-11,122.09,125.95,120.51,123.22,183810771
2023-01-12,122.56,124.1311,117,123.56,169400913
2023-01-13,116.55,122.63,115.6,122.4,180714119
2023-01-17,125.695,131.7,125.02,131.49,186476985
2023-01-18,136.555,136.68,127.01,128.78,195680318
2023-01-19,127.26,129.99,124.3082,127.17,170291880
2023-01-20,128.68,133.51,127.3466,133.42,138858136
2023-01-23,135.87,145.3793,134.27,143.75,203119211
2023-01-24,143,146.5,141.1,143.89,158699056
2023-01-25,141.905,146.41,138.07,144.43,192734347
2023-01-26,159.965,161.42,154.76,160.27,234815090
2023-01-27,162.43,180.68,161.17,177.9,306590613
2023-01-30,178.05,179.77,166.5,166.66,230878807
2023-01-31,164.57,174.3,162.78,173.22,196813541
2023-02-01,173.89,183.805,169.93,181.41,213806323
2023-02-02,187.325,196.7501,182.61,188.27,217448287
2023-02-03,183.95,199,183.69,189.98,232662023
2023-02-06,193.01,198.17,189.92,194.76,186188131
2023-02-07,196.43,197.5,189.55,196.81,186010325
2023-02-08,196.1,203,194.31,201.29,180673644
2023-02-09,207.775,214,204.77,207.32,215431442
2023-02-10,202.225,206.2,192.89,196.89,204754129
2023-02-13,194.415,196.3,187.61,194.64,172475452
2023-02-14,191.94,209.82,189.44,209.25,216455708
2023-02-15,211.755,214.66,206.11,214.24,182108581
2023-02-16,210.78,217.65,201.84,202.04,229586538
2023-02-17,199.985,208.44,197.5,208.31,213738549
2023-02-21,204.99,209.71,197.22,197.37,180018588
2023-02-22,197.93,201.99,191.78,200.86,191828457
2023-02-23,203.91,205.14,196.33,202.07,146359950
2023-02-24,196.325,197.6695,192.8,196.88,142228105
2023-02-27,202.03,209.42,201.26,207.63,161028315
2023-02-28,210.59,211.23,203.75,205.71,153144912
2023-03-01,206.21,207.2,198.52,202.77,156852790
2023-03-02,186.74,193.7499,186.01,190.9,181979154
2023-03-03,194.795,200.48,192.88,197.79,154193277
2023-03-06,198.54,198.6,192.3,193.81,128100106
2023-03-07,191.38,194.2,186.1,187.71,148125790
2023-03-08,185.04,186.5,180,182,151897763
2023-03-09,180.25,185.18,172.5124,172.92,170023794
2023-03-10,175.13,178.29,168.44,173.44,191488872
2023-03-13,167.455,177.35,163.91,174.48,167790256
2023-03-14,177.31,183.8,177.1401,183.26,143717897
2023-03-15,180.8,182.34,176.03,180.45,145995583
2023-03-16,180.365,185.81,178.84,184.13,121374453
2023-03-17,184.515,186.2199,177.33,180.13,133197140
2023-03-20,178.08,186.44,176.35,183.25,129684359
2023-03-21,188.28,198,188.04,197.58,153391444
2023-03-22,199.3,200.66,190.95,191.15,150376373
2023-03-23,195.26,199.31,188.65,192.22,144193876
2023-03-24,191.65,192.36,187.15,190.41,116531584
2023-03-27,194.415,197.39,189.94,191.81,120851587
2023-03-28,192,192.35,185.43,189.19,98654635
2023-03-29,193.13,195.29,189.44,193.88,123660026
2023-03-30,195.58,197.33,194.42,195.28,110252238
2023-03-31,197.53,207.79,197.2,207.46,170222118
2023-04-03,199.91,202.6897,192.2,194.77,169545900
2023-04-04,197.32,198.7446,190.32,192.58,126463845
2023-04-05,190.515,190.68,183.76,185.52,133882493
2023-04-06,183.08,186.39,179.74,185.06,123857932
2023-04-10,179.94,185.1,176.11,184.51,142154637
2023-04-11,186.69,189.19,185.6475,186.79,115770892
2023-04-12,190.74,191.5846,180.31,180.54,150256278
2023-04-13,182.955,186.5,180.94,185.9,112932985
2023-04-14,183.95,186.28,182.01,185,96438664
2023-04-17,186.32,189.69,182.69,187.04,116662189
2023-04-18,187.15,187.69,183.5775,184.31,92067016
2023-04-19,179.1,183.5,177.65,180.59,125732687
2023-04-20,166.165,169.7,160.56,162.99,210970819
2023-04-21,164.8,166,161.3208,165.08,123538954
2023-04-24,164.65,165.65,158.61,162.55,140006559
2023-04-25,159.82,163.47,158.75,160.67,121999312
2023-04-26,160.29,160.67,153.14,153.75,153364142
2023-04-27,152.64,160.48,152.37,160.19,127015177
2023-04-28,160.9,165,157.32,164.31,122515812
2023-05-01,163.17,163.28,158.83,161.83,109015048
2023-05-02,161.88,165.49,158.93,160.31,128259744
2023-05-03,160.01,165,159.91,160.61,119727972
2023-05-04,162.71,162.95,159.65,161.2,95108492
2023-05-05,163.97,170.7899,163.51,170.06,107607259
2023-05-08,173.72,173.8,169.19,171.79,112249449
2023-05-09,168.95,169.82,166.56,169.15,88965043
2023-05-10,172.55,174.43,166.68,168.54,119840693
2023-05-11,168.7,173.57,166.79,172.08,103889930
2023-05-12,176.07,177.38,167.23,167.98,157849625
2023-05-15,167.655,169.76,164.5499,166.35,105592510
2023-05-16,165.65,169.5184,164.35,166.52,98288792
2023-05-17,168.41,174.5,167.185,173.86,125473558
2023-05-18,174.22,177.06,172.45,176.89,109520332
2023-05-19,177.17,181.95,176.31,180.14,136196668
2023-05-22,180.7,189.32,180.11,188.87,132001430
2023-05-23,186.2,192.96,185.26,185.77,156952130
2023-05-24,182.23,184.22,178.22,182.9,137605054
2023-05-25,186.54,186.78,180.58,184.47,96870719
2023-05-26,184.62,198.6,184.53,193.17,162061496
2023-05-30,200.1,204.48,197.53,201.16,128818746
2023-05-31,199.78,203.95,195.12,203.93,150711736
2023-06-01,202.59,209.8,199.37,207.52,148029931
2023-06-02,210.15,217.25,209.752,213.97,164398372
2023-06-05,217.8,221.29,214.52,217.61,151143052
2023-06-06,216.14,221.91,212.53,221.31,146911576
2023-06-07,228,230.8296,223.2,224.57,185710777
2023-06-08,224.22,235.23,223.01,234.86,164489739
2023-06-09,249.07,252.42,242.02,244.4,200242371
2023-06-12,247.94,250.97,244.59,249.83,150740523
2023-06-13,253.51,259.68,251.34,258.71,162384343
2023-06-14,260.17,261.57,250.5,256.79,170575536
2023-06-15,248.4,258.95,247.29,255.9,160171238
2023-06-16,258.92,263.6,257.2091,260.54,167915649
2023-06-20,261.5,274.75,261.12,274.45,165611217
2023-06-21,275.13,276.99,257.78,259.46,211797109
2023-06-22,250.77,265,248.25,264.61,166875944
2023-06-23,259.29,262.45,252.8,256.6,177460803
2023-06-26,254.2799,258.37,240.7,241.05,179990552
2023-06-27,243.24,250.3899,240.85,250.21,164968214
2023-06-28,249.7,259.88,248.89,256.24,159770797
2023-06-29,258.03,260.74,253.61,257.5,131283360
2023-06-30,260.6,264.45,259.89,261.77,112620784
2023-07-03,276.49,284.25,275.11,279.82,119685891
2023-07-05,278.82,283.85,277.6,282.48,131530862
2023-07-06,278.09,279.97,272.88,276.54,120707419
2023-07-07,278.43,280.78,273.77,274.43,113879174
2023-07-10,276.47,277.52,265.1,269.61,119425405
2023-07-11,268.65,270.9,266.37,269.79,91972358
2023-07-12,276.325,276.52,271.46,271.99,95672139
2023-07-13,274.59,279.45,270.6,277.9,112681458
2023-07-14,277.01,285.3,276.31,281.38,120062369
2023-07-17,286.625,292.23,283.57,290.38,131569593
2023-07-18,290.15,295.26,286.01,293.34,112434713
2023-07-19,296.04,299.29,289.5201,291.26,142355353
2023-07-20,279.56,280.93,261.2,262.9,175158273
2023-07-21,268,268,255.8,260.02,161796073
2023-07-24,255.85,269.85,254.12,269.06,137005037
2023-07-25,272.38,272.9,265,265.28,112757327
2023-07-26,263.25,268.04,261.75,264.35,95856177
2023-07-27,268.31,269.13,255.3,255.71,103697263
2023-07-28,259.86,267.25,258.2312,266.44,111446026
2023-07-31,267.48,269.08,263.78,267.43,84582172
2023-08-01,266.26,266.47,260.25,261.07,83645720
2023-08-02,255.57,259.52,250.49,254.11,101752865
2023-08-03,252.04,260.49,252,259.32,97829545
2023-08-04,260.97,264.77,253.11,253.86,99539907
2023-08-07,251.45,253.6511,242.76,251.45,111097943
2023-08-08,247.45,250.92,245.01,249.7,96642183
2023-08-09,250.87,251.1,241.9,242.19,101596324
2023-08-10,245.4,251.8,243,245.34,109498608
2023-08-11,241.77,243.79,238.02,242.65,99038642
2023-08-14,235.7,240.66,233.75,239.76,98595331
2023-08-15,238.73,240.5,232.61,232.96,88197599
2023-08-16,228.02,233.97,225.38,225.6,112484520
2023-08-17,226.06,226.74,218.83,219.22,120718417
2023-08-18,214.12,217.58,212.36,215.49,136276584
2023-08-21,221.5512,232.1343,220.58,231.28,135702671
2023-08-22,240.25,240.82,229.55,233.19,130597886
2023-08-23,229.34,238.98,229.29,236.86,101077635
2023-08-24,238.66,238.92,228.1801,230.04,99777432
2023-08-25,231.31,239,230.35,238.59,106612231
2023-08-28,242.58,244.38,235.35,238.82,107673727
2023-08-29,238.58,257.48,237.77,257.18,134047603
2023-08-30,254.2,260.51,250.59,256.9,121988437
2023-08-31,255.98,261.18,255.05,258.08,108861698
2023-09-01,257.26,259.0794,242.01,245.01,132541640
2023-09-05,245,258,244.86,256.49,129469565
2023-09-06,255.135,255.39,245.06,251.92,116959759
2023-09-07,245.07,252.81,243.265,251.49,115312886
2023-09-08,251.22,256.52,246.67,248.5,118559635
2023-09-11,264.27,274.85,260.61,273.58,174667852
2023-09-12,270.76,278.39,266.6,267.48,135999866
2023-09-13,270.07,274.98,268.1,271.3,111673737
2023-09-14,271.32,276.7094,270.42,276.04,107709842
2023-09-15,277.55,278.98,271,274.39,133692313
2023-09-18,271.16,271.44,263.7601,265.28,101543305
2023-09-19,264.35,267.85,261.2,266.5,103704040
2023-09-20,267.04,273.93,262.4606,262.59,122514643
2023-09-21,257.85,260.86,254.21,255.7,119951516
2023-09-22,257.4,257.7888,244.48,244.88,127524083
2023-09-25,243.38,247.1,238.31,246.99,104636557
2023-09-26,242.98,249.55,241.6601,244.12,101993631
2023-09-27,244.262,245.33,234.58,240.5,136597184
2023-09-28,240.02,247.55,238.65,246.38,117058870
2023-09-29,250,254.77,246.35,250.22,128522729
2023-10-02,244.81,254.2799,242.62,251.6,123810402
2023-10-03,248.61,250.02,244.45,246.53,101985305
2023-10-04,248.14,261.86,247.6,261.16,129721567
2023-10-05,260,263.6,256.25,260.05,119159214
2023-10-06,253.98,261.65,250.65,260.53,118121812
2023-10-09,255.31,261.36,252.05,259.67,101377947
2023-10-10,257.75,268.94,257.65,263.62,122656030
2023-10-11,266.2,268.6,260.9,262.99,103706266
2023-10-12,262.92,265.41,256.6307,258.87,111508114
2023-10-13,258.9,259.6,250.22,251.12,102296786
2023-10-16,250.05,255.3999,248.48,253.92,88917176
2023-10-17,250.1,257.183,247.08,254.85,93562909
2023-10-18,252.7,254.63,242.08,242.68,125147846
2023-10-19,225.95,230.61,216.78,220.11,170772713
2023-10-20,217.01,218.8606,210.42,211.99,138010095
2023-10-23,210,216.98,202.51,212.08,150683368
2023-10-24,216.5,222.05,214.11,216.52,118231113
2023-10-25,215.88,220.1,212.2,212.42,107065087
2023-10-26,211.32,214.8,204.88,205.76,115112635
2023-10-27,210.6,212.41,205.77,207.3,94881173
2023-10-30,209.28,210.88,194.67,197.36,136448167
2023-10-31,196.12,202.8,194.07,200.84,118068273
2023-11-01,204.04,205.99,197.85,205.66,121661656
2023-11-02,212.97,219.2,211.45,218.51,125987621
2023-11-03,221.15,226.3701,218.4,219.96,119534790
2023-11-06,223.98,226.32,215,219.27,117335820
2023-11-07,219.98,223.12,215.72,222.18,116900130
2023-11-08,223.15,224.15,217.64,222.11,106584841
2023-11-09,219.75,220.8,206.68,209.98,142110454
2023-11-10,210.03,215.38,205.69,214.65,131310128
2023-11-13,215.6,225.4,211.6101,223.71,140447569
2023-11-14,235.03,238.135,230.72,237.41,149771642
2023-11-15,239.29,246.7,236.45,242.84,150353975
2023-11-16,239.49,240.88,230.96,233.59,136816819
2023-11-17,232,237.39,226.54,234.3,142766234
